{
  "name": "YOLO",
  "sublayer_num": 5,
  "config": [
    [1200.0, 1400.0, 1137.5, 1400.0, 0.1],
    [0, 7179.661865234375, 2343.6962890625, 1992.150390625, 730.26123046875]
  ]
}
